Mobile Name,Price,Display size,Storage,RAM,Brand
Samsung Galaxy M30 (Gradation Blue 4GB RAM Super AMOLED Display 64GB Storage 5000mAH Battery),12999,Display Size
6.4 in,Storage
64 GB,RAM
4 GB,Brand
Samsung
Samsung Galaxy M40 (Midnight Blue 6GB RAM 128GB Storage),15999,Storage
64 GB,RAM
4 GB,Brand
Samsung,Display Size
6.3 in
Samsung Galaxy M21 (Midnight Blue 4GB RAM 64GB Storage),13999,RAM
4 GB,Brand
Samsung,Display Size
6.3 in,Storage
128 GB
Samsung Galaxy M31 (Space Black 6GB RAM 128GB Storage),17499,Brand
Samsung,Display Size
6.3 in,Storage
128 GB,RAM
6 GB
Samsung Galaxy M21 (Raven Black 4GB RAM 64GB Storage),13999,Display Size
6.3 in,Storage
128 GB,RAM
6 GB,Brand
Samsung
Samsung Galaxy M01 (Black 3GB RAM 32GB Storage) with No Cost EMI/Additional Exchange Offers,15999,Storage
128 GB,RAM
6 GB,Brand
Samsung,Display Size
6.4 in
Samsung Galaxy M01 (Blue 3GB RAM 32GB Storage) with No Cost EMI/Additional Exchange Offers,1950,RAM
6 GB,Brand
Samsung,Display Size
6.4 in,Storage
-
Samsung Galaxy M21 (Raven Black 6GB RAM 128GB Storage),16499,Brand
Samsung,Display Size
6.4 in,Storage
-,RAM
4 GB
Samsung Guru Music 2 (SM-B310E Blue),15999,Display Size
6.4 in,Storage
-,RAM
4 GB,Brand
Samsung
Samsung Galaxy M31 (Space Black 6GB RAM 64GB Storage),97999,Storage
-,RAM
4 GB,Brand
Samsung,Display Size
6.4 in
Samsung Galaxy M20 (Ocean Blue  3GB RAM 32GB Storage 5000mAH Battery),70499,RAM
4 GB,Brand
Samsung,Display Size
6.4 in,Storage
8.0 GB
